ticker,sentiment_score,buzz_score,sentiment_slope,sentiment_polarity,n_headlines
NVDA,-0.0159,100.0,0.0568,0.0,100
AMD,-0.0079,100.0,0.1351,0.0,100
MSFT,-0.0249,100.0,0.121,-0.01,100
GOOGL,-0.2117,100.0,0.0005,-0.24,100
META,-0.1698,100.0,-0.0133,-0.2,100
INTC,0.1271,100.0,0.2114,0.15,100
PLTR,0.0985,100.0,0.1501,0.15,100
AMZN,-0.0469,100.0,0.2719,-0.04,100
CRM,-0.1415,100.0,-0.0516,-0.15,100
